subq_label,subjCode,response,response_noStopWords,count_wordsNounAdjAdvNum,count_wordsNounAdjAdvNum_noStop
diff(3),1,has empty space within shape,empty space within shape,"5, 2, 1, 0, 0","4, 2, 1, 0, 0"
diff(3),2,hole in the middle of shape,hole middle shape,"6, 3, 0, 0, 0","3, 3, 0, 0, 0"
diff(3),3,hole in blob,hole blob,"3, 2, 0, 0, 0","2, 2, 0, 0, 0"
diff(3),4,different shape and hole in middle,different shape hole middle,"6, 3, 1, 0, 0","4, 3, 1, 0, 0"
diff(3),5,there is a gap in the middle of the shape. ,gap middle shape,"10, 3, 0, 0, 0","3, 2, 1, 0, 0"
diff(3),6,hole in figure,hole figure,"3, 2, 0, 0, 0","2, 2, 0, 0, 0"
diff(3),7,Shape has a cut-out hole inside it,shape cutout hole inside,"7, 2, 1, 0, 0","4, 3, 0, 0, 0"
diff(3),8,has a hole in it,hole,"5, 1, 0, 0, 0","1, 1, 0, 0, 0"
diff(3),9,hole in shape,hole shape,"3, 2, 0, 0, 0","2, 2, 0, 0, 0"
diff(3),10,shape contain hole,shape contain hole,"3, 3, 0, 0, 0","3, 3, 0, 0, 0"
diff(3),11,It has a hole in the middle.,hole middle,"7, 2, 0, 0, 0","2, 2, 0, 0, 0"
diff(3),12,Hole in center,hole center,"3, 1, 0, 0, 0","2, 2, 0, 0, 0"
diff(3),13,There is an empty shape in the center.,empty shape center,"8, 2, 1, 0, 0","3, 2, 1, 0, 0"
diff(3),14,hole in middle of shape,hole middle shape,"5, 3, 0, 0, 0","3, 3, 0, 0, 0"
diff(3),15,Space inside,space inside,"2, 1, 0, 0, 0","2, 1, 0, 0, 0"
diff(4),1,circle not within shape,circle within shape,"4, 2, 0, 1, 0","3, 2, 0, 0, 0"
diff(4),2,dot outside of shape,dot outside shape,"4, 1, 1, 0, 0","3, 2, 0, 0, 0"
diff(4),3,dot is outside the blob,dot outside blob,"5, 2, 0, 0, 0","3, 2, 0, 0, 0"
diff(4),4,different shape and ball outside the shape,different shape ball outside shape,"7, 3, 1, 0, 0","5, 3, 1, 0, 0"
diff(4),5,the dot is outside the image. ,dot outside image,"6, 2, 0, 0, 0","3, 2, 1, 0, 0"
diff(4),6,point not on figure,point figure,"4, 2, 0, 1, 0","2, 2, 0, 0, 0"
diff(4),7,The black circle is outside the shape instead of inside it,black circle outside shape instead inside,"11, 2, 1, 1, 0","6, 2, 1, 1, 0"
diff(4),8,the dot is out,dot,"4, 1, 0, 1, 0","1, 1, 0, 0, 0"
diff(4),9,dot outside shape,dot outside shape,"3, 2, 0, 0, 0","3, 2, 0, 0, 0"
diff(4),10,Different dot orientation,different dot orientation,"3, 2, 0, 0, 0","3, 2, 1, 0, 0"
diff(4),11,The dot is outside of the shape.,dot outside shape,"7, 2, 0, 0, 0","3, 2, 0, 0, 0"
diff(4),12,Dot outside shape,dot outside shape,"3, 1, 1, 0, 0","3, 2, 0, 0, 0"
diff(4),13,The dot is on the outside of the shape.,dot outside shape,"9, 3, 0, 0, 0","3, 2, 0, 0, 0"
diff(4),14,dot is outside he shape,dot outside shape,"5, 1, 0, 0, 0","3, 2, 0, 0, 0"
diff(4),15,Different dot placement,different dot placement,"3, 2, 0, 0, 0","3, 2, 1, 0, 0"
diff(5),1,shape is open,shape open,"3, 1, 1, 0, 0","2, 1, 1, 0, 0"
diff(5),2,shape is open,shape open,"3, 1, 1, 0, 0","2, 1, 1, 0, 0"
diff(5),3,not enclosed,enclosed,"2, 0, 0, 1, 0","1, 0, 0, 0, 0"
diff(5),4,line is opened,line opened,"3, 1, 0, 0, 0","2, 1, 0, 0, 0"
diff(5),5,the shape is not fully enclosed. ,shape fully enclosed,"6, 1, 0, 2, 0","3, 1, 0, 1, 0"
diff(5),6,not closed ,closed,"2, 0, 0, 1, 0","1, 0, 0, 0, 0"
diff(5),7,shape is not closed,shape closed,"4, 1, 0, 1, 0","2, 1, 0, 0, 0"
diff(5),8,the line is not connected all the way,line connected way,"8, 2, 0, 1, 0","3, 2, 0, 0, 0"
diff(5),9,line not solid,line solid,"3, 1, 1, 1, 0","2, 1, 1, 0, 0"
diff(5),10,"Open shape, not closed",open shape closed,"4, 1, 1, 1, 0","3, 1, 1, 0, 0"
diff(5),11,There is a gap in the line.,gap line,"7, 2, 0, 0, 0","2, 2, 0, 0, 0"
diff(5),12,Line not connected,line connected,"3, 0, 0, 1, 0","2, 1, 0, 0, 0"
diff(5),13,The shape isn't connected.,shape isnt connected,"4, 1, 0, 1, 0","3, 2, 0, 0, 0"
diff(5),14,shape is not closed,shape closed,"4, 1, 0, 1, 0","2, 1, 0, 0, 0"
diff(5),15,"Open space, incomplete",open space incomplete,"3, 1, 2, 0, 0","3, 2, 1, 0, 0"
diff(6),1,"two shapes, not one",two shapes one,"4, 1, 0, 1, 2","3, 1, 0, 0, 2"
diff(6),2,amount of shapes,amount shapes,"3, 2, 0, 0, 0","2, 2, 0, 0, 0"
diff(6),3,2 blobs ,2 blobs,"2, 1, 0, 0, 1","2, 1, 0, 0, 1"
diff(6),4,two shapes are there,two shapes,"4, 1, 0, 1, 1","2, 1, 0, 0, 1"
diff(6),5,there are 2 shapes there,2 shapes,"5, 1, 0, 1, 1","2, 1, 0, 0, 1"
diff(6),6,two figures,two figures,"2, 1, 0, 0, 1","2, 1, 0, 0, 1"
diff(6),7,there are two shapes instead of just one,two shapes instead one,"8, 1, 0, 2, 2","4, 1, 0, 1, 2"
diff(6),8,there are two shapes,two shapes,"4, 1, 0, 0, 1","2, 1, 0, 0, 1"
diff(6),9,two shapes,two shapes,"2, 1, 0, 0, 1","2, 1, 0, 0, 1"
diff(6),10,"two shapes, not one",two shapes one,"4, 1, 0, 1, 2","3, 1, 0, 0, 2"
diff(6),11,It has more than one shape.,one shape,"6, 1, 1, 0, 1","2, 1, 0, 0, 1"
diff(6),12,Separated in two,separated two,"3, 0, 0, 0, 1","2, 0, 0, 0, 1"
diff(6),13,There are two different shapes.,two different shapes,"5, 1, 1, 0, 1","3, 1, 1, 0, 1"
diff(6),14,2 shapes,2 shapes,"2, 1, 0, 0, 1","2, 1, 0, 0, 1"
diff(6),15,"Double, not single",double single,"3, 0, 1, 2, 0","2, 0, 2, 0, 0"
diff(7),1,dot not on the line,dot line,"5, 2, 0, 1, 0","2, 2, 0, 0, 0"
diff(7),2,dot not on line,dot line,"4, 2, 0, 1, 0","2, 2, 0, 0, 0"
diff(7),3,dot is not touched by line,dot touched line,"6, 2, 0, 1, 0","3, 2, 0, 0, 0"
diff(7),4,ball is off the line,ball line,"5, 2, 0, 0, 0","2, 1, 0, 0, 0"
diff(7),5,the dot is not on the line. ,dot line,"7, 2, 0, 1, 0","2, 2, 0, 0, 0"
diff(7),6,point not on line,point line,"4, 2, 0, 1, 0","2, 2, 0, 0, 0"
diff(7),7,Small black circle is not on the line,small black circle line,"8, 2, 2, 1, 0","4, 2, 2, 0, 0"
diff(7),8,the dot is not on the line,dot line,"7, 2, 0, 1, 0","2, 2, 0, 0, 0"
diff(7),9,dot not on line,dot line,"4, 2, 0, 1, 0","2, 2, 0, 0, 0"
diff(7),10,Different dot orientation,different dot orientation,"3, 2, 0, 0, 0","3, 2, 1, 0, 0"
diff(7),11,The dot isn't on the line.,dot isnt line,"6, 2, 0, 1, 0","3, 3, 0, 0, 0"
diff(7),12,Dot not attached,dot attached,"3, 0, 0, 1, 0","2, 1, 0, 0, 0"
diff(7),13,"The dot isn't on the line, but next to it.",dot isnt line next,"10, 2, 1, 1, 0","4, 3, 0, 0, 0"
diff(7),14,dot is not touching the line,dot touching line,"6, 2, 0, 1, 0","3, 2, 0, 0, 0"
diff(7),15,Unattached dot,unattached dot,"2, 1, 0, 0, 0","2, 1, 1, 0, 0"
diff(8),1,straight line,straight line,"2, 1, 1, 0, 0","2, 1, 1, 0, 0"
diff(8),2,line not curved,line curved,"3, 1, 0, 1, 0","2, 1, 0, 0, 0"
diff(8),3,line is straight,line straight,"3, 1, 1, 0, 0","2, 1, 0, 0, 0"
diff(8),4,straight line,straight line,"2, 1, 1, 0, 0","2, 1, 1, 0, 0"
diff(8),5,the line is straight. ,line straight,"4, 1, 1, 0, 0","2, 1, 0, 0, 0"
diff(8),6,straight line,straight line,"2, 1, 1, 0, 0","2, 1, 1, 0, 0"
diff(8),7,line is straight instead of curved,line straight instead curved,"6, 2, 1, 1, 0","4, 1, 0, 1, 0"
diff(8),8,line is straight,line straight,"3, 1, 1, 0, 0","2, 1, 0, 0, 0"
diff(8),9,line is straight,line straight,"3, 1, 1, 0, 0","2, 1, 0, 0, 0"
diff(8),10,"Straight line, not curved",straight line curved,"4, 1, 0, 1, 0","3, 1, 1, 0, 0"
diff(8),11,Line isn't curved.,line isnt curved,"3, 0, 0, 1, 0","3, 2, 0, 0, 0"
diff(8),12,Line straight not curved.,line straight curved,"4, 0, 0, 1, 0","3, 1, 0, 0, 0"
diff(8),13,It is a straight line without curves.,straight line without curves,"7, 2, 1, 0, 0","4, 2, 1, 0, 0"
diff(8),14,line is straight,line straight,"3, 1, 1, 0, 0","2, 1, 0, 0, 0"
diff(8),15,"Straight, not curved",straight curved,"3, 0, 0, 1, 0","2, 0, 0, 1, 0"
diff(9),1,"the shape goes ""inward""",shape goes inward,"4, 1, 1, 0, 0","3, 1, 0, 1, 0"
diff(9),2,curved shape,curved shape,"2, 1, 0, 0, 0","2, 1, 0, 0, 0"
diff(9),3,blob is a different shape,blob different shape,"5, 2, 1, 0, 0","3, 2, 1, 0, 0"
diff(9),4,Shape is cut in a curved shape,shape cut curved shape,"7, 2, 1, 0, 0","4, 3, 0, 0, 0"
diff(9),5,it is the only one that seems incomplete. ,one seems incomplete,"8, 1, 2, 0, 0","3, 0, 1, 0, 1"
diff(9),6,has concave side,concave side,"3, 1, 0, 0, 0","2, 1, 1, 0, 0"
diff(9),7,"shaped like a moon, not a circle/triange",shaped like moon circletriange,"7, 2, 0, 1, 0","4, 2, 0, 0, 0"
diff(9),8,curved inside,curved inside,"2, 0, 0, 0, 0","2, 0, 0, 0, 0"
diff(9),9,shape indented,shape indented,"2, 1, 0, 0, 0","2, 1, 0, 0, 0"
diff(9),10,Concave shape,concave shape,"2, 1, 0, 0, 0","2, 2, 0, 0, 0"
diff(9),11,it isn't circular.,isnt circular,"3, 0, 1, 1, 0","2, 2, 0, 0, 0"
diff(9),12,Dented in middle,dented middle,"3, 1, 0, 0, 0","2, 1, 0, 0, 0"
diff(9),13,The shape has a dent in the center.,shape dent center,"8, 3, 0, 0, 0","3, 3, 0, 0, 0"
diff(9),14,the shape is symetrical,shape symetrical,"4, 1, 1, 0, 0","2, 1, 1, 0, 0"
diff(9),15,Curved shape,curved shape,"2, 1, 0, 0, 0","2, 1, 0, 0, 0"
diff(10),1,line is curved,line curved,"3, 1, 0, 0, 0","2, 1, 0, 0, 0"
diff(10),2,curve,curve,"1, 1, 0, 0, 0","1, 1, 0, 0, 0"
diff(10),3,angle of bend,angle bend,"3, 2, 0, 0, 0","2, 1, 0, 0, 0"
diff(10),4,curved line,curved line,"2, 1, 0, 0, 0","2, 1, 0, 0, 0"
diff(10),5,the line is curved. ,line curved,"4, 1, 0, 0, 0","2, 1, 0, 0, 0"
diff(10),6,curved line,curved line,"2, 1, 0, 0, 0","2, 1, 0, 0, 0"
diff(10),7,line is curved instead of straight,line curved instead straight,"6, 2, 0, 1, 0","4, 1, 1, 1, 0"
diff(10),8,curved,curved,"1, 0, 0, 0, 0","1, 0, 0, 0, 0"
diff(10),9,line curved,line curved,"2, 1, 0, 0, 0","2, 1, 0, 0, 0"
diff(10),10,"Curved line, not straight",curved line straight,"4, 1, 1, 1, 0","3, 2, 0, 0, 0"
diff(10),11,It's not a straight line.,straight line,"5, 1, 1, 1, 0","2, 1, 1, 0, 0"
diff(10),12,Line Curved Not Straight,line curved straight,"4, 0, 0, 1, 0","3, 1, 1, 0, 0"
diff(10),13,The line has a slight curve in the center.,line slight curve center,"9, 3, 1, 0, 0","4, 3, 0, 0, 0"
diff(10),14,the line is not straight,line straight,"5, 1, 1, 1, 0","2, 1, 0, 0, 0"
diff(10),15,"Curved, not straight",curved straight,"3, 0, 1, 1, 0","2, 0, 1, 0, 0"
diff(11),1,circle not in a straight line with line,circle straight line line,"8, 3, 1, 1, 0","4, 3, 0, 0, 0"
diff(11),2,dot to the side,dot side,"4, 2, 0, 0, 0","2, 1, 1, 0, 0"
diff(11),3,dot is at a weird angle,dot weird angle,"6, 2, 1, 0, 0","3, 2, 1, 0, 0"
diff(11),4,ball off to the side,ball side,"5, 1, 0, 1, 0","2, 1, 0, 0, 0"
diff(11),5,the dot is on the side of the line. ,dot side line,"9, 3, 0, 0, 0","3, 2, 1, 0, 0"
diff(11),6,point not aligned with end of line,point aligned end line,"7, 3, 0, 1, 0","4, 2, 1, 0, 0"
diff(11),7,Small black circle is not in line with the line,small black circle line line,"10, 3, 2, 1, 0","5, 3, 2, 0, 0"
diff(11),8,dot is not over line,dot line,"5, 2, 0, 1, 0","2, 2, 0, 0, 0"
diff(11),9,dot not lined up,dot lined,"4, 1, 0, 2, 0","2, 1, 0, 0, 0"
diff(11),10,Dot orientation,dot orientation,"2, 1, 0, 0, 0","2, 2, 0, 0, 0"
diff(11),11,The dot isn't inline with the line.,dot isnt inline line,"7, 2, 1, 1, 0","4, 3, 1, 0, 0"
diff(11),12,Dot not inline with line,dot inline line,"5, 1, 0, 1, 0","3, 2, 1, 0, 0"
diff(11),13,The dot is not directly on top of the line.,dot directly top line,"10, 3, 0, 2, 0","4, 1, 1, 2, 0"
diff(11),14,the dot is not in line with the line,dot line line,"9, 3, 0, 1, 0","3, 2, 1, 0, 0"
diff(11),15,Different dot placement,different dot placement,"3, 2, 0, 0, 0","3, 2, 1, 0, 0"
diff(12),1,only three sides,three sides,"3, 1, 0, 1, 1","2, 1, 0, 0, 1"
diff(12),2,only three sides,three sides,"3, 1, 0, 1, 1","2, 1, 0, 0, 1"
diff(12),3,it is 3 sided,3 sided,"4, 0, 1, 0, 1","2, 0, 0, 0, 1"
diff(12),4,triangle,triangle,"1, 1, 0, 0, 0","1, 1, 0, 0, 0"
diff(12),5,it is a triangle and not a variation of a square. ,triangle variation square,"11, 3, 0, 1, 0","3, 3, 0, 0, 0"
diff(12),6,not a quadrilateral ,quadrilateral,"3, 0, 1, 1, 0","1, 0, 1, 0, 0"
diff(12),7,shape has three sides instead of four,shape three sides instead four,"7, 2, 0, 1, 2","5, 2, 0, 1, 2"
diff(12),8,the shape is wrong,shape wrong,"4, 1, 1, 0, 0","2, 1, 1, 0, 0"
diff(12),9,not a quadrilateral,quadrilateral,"3, 0, 1, 1, 0","1, 0, 1, 0, 0"
diff(12),10,"Triangle, not four sides",triangle four sides,"4, 1, 0, 1, 1","3, 1, 0, 1, 1"
diff(12),11,It isn't four-sided.,isnt foursided,"3, 0, 1, 1, 0","2, 1, 0, 0, 0"
diff(12),12,3 sides only,3 sides,"3, 1, 0, 1, 1","2, 1, 0, 0, 1"
diff(12),13,It is the only triangle shape.,triangle shape,"6, 2, 1, 0, 0","2, 2, 0, 0, 0"
diff(12),14,shape has 3 sides,shape 3 sides,"4, 2, 0, 0, 1","3, 2, 0, 0, 1"
diff(12),15,Different shape,different shape,"2, 1, 1, 0, 0","2, 1, 1, 0, 0"
diff(13),1,angle is not 90 degrees,angle 90 degrees,"5, 2, 0, 1, 1","3, 1, 0, 1, 1"
diff(13),2,thin triangle,thin triangle,"2, 1, 1, 0, 0","2, 1, 1, 0, 0"
diff(13),3,triangle is a diff shape,triangle diff shape,"5, 2, 1, 0, 0","3, 3, 0, 0, 0"
diff(13),4,flatter triangle,flatter triangle,"2, 2, 0, 0, 0","2, 2, 0, 0, 0"
diff(13),5,it has a longer base. ,longer base,"5, 1, 0, 1, 0","2, 1, 1, 0, 0"
diff(13),6,not a right triangle,right triangle,"4, 1, 1, 1, 0","2, 1, 0, 1, 0"
diff(13),7,Triangle is not a right triangle,triangle right triangle,"6, 1, 1, 1, 0","3, 3, 0, 0, 0"
diff(13),8,the triangle is almost flat,triangle almost flat,"5, 1, 1, 1, 0","3, 1, 1, 1, 0"
diff(13),9,no right angle,right angle,"3, 1, 1, 0, 0","2, 1, 0, 1, 0"
diff(13),10,"Flat triangle, not tall",flat triangle tall,"4, 1, 1, 1, 0","3, 2, 1, 0, 0"
diff(13),11,Doesn't have a 90 degree angle,doesnt 90 degree angle,"6, 2, 0, 1, 1","4, 1, 1, 1, 1"
diff(13),12,Shape thinner,shape thinner,"2, 2, 0, 0, 0","2, 2, 0, 0, 0"
diff(13),13,The shape has the triangle tip on the top.,shape triangle tip top,"9, 4, 0, 0, 0","4, 4, 0, 0, 0"
diff(13),14,different angle,different angle,"2, 1, 1, 0, 0","2, 1, 1, 0, 0"
diff(13),15,Different angle,different angle,"2, 1, 0, 0, 0","2, 1, 1, 0, 0"
diff(14),1,lines are not perpendicular,lines perpendicular,"4, 1, 1, 1, 0","2, 2, 0, 0, 0"
diff(14),2,length of lines,length lines,"3, 2, 0, 0, 0","2, 2, 0, 0, 0"
diff(14),3,orientation of angles is different,orientation angles different,"5, 2, 1, 0, 0","3, 2, 1, 0, 0"
diff(14),4,Different orientation,different orientation,"2, 1, 1, 0, 0","2, 1, 1, 0, 0"
diff(14),5,all the angels are not right angels.,angels right angels,"7, 2, 1, 1, 0","3, 2, 0, 1, 0"
diff(14),6,not perpendicular ,perpendicular,"2, 0, 1, 1, 0","1, 1, 0, 0, 0"
diff(14),7,two lines do not intersect at right angles,two lines intersect right angles,"8, 2, 1, 1, 1","5, 2, 2, 0, 1"
diff(14),8,the x is more slanted,x slanted,"5, 1, 1, 1, 0","2, 1, 0, 0, 0"
diff(14),9,crossed at different angle,crossed different angle,"4, 1, 1, 0, 0","3, 1, 1, 0, 0"
diff(14),10,"Flatter cross, not a plus",flatter cross plus,"5, 2, 0, 1, 0","3, 2, 0, 0, 0"
diff(14),11,It doesn't have a 90 degree angle.,doesnt 90 degree angle,"7, 2, 0, 1, 1","4, 1, 1, 1, 1"
diff(14),12,Crosses like x not +,crosses like x,"5, 1, 0, 1, 0","3, 2, 0, 0, 0"
diff(14),13,One line is longer than the other.,one line longer,"7, 1, 2, 0, 1","3, 1, 1, 0, 1"
diff(14),14,the lines are crossed closer,lines crossed closer,"5, 1, 0, 1, 0","3, 2, 0, 0, 0"
diff(14),15,Different angle,different angle,"2, 1, 0, 0, 0","2, 1, 1, 0, 0"
diff(15),1,lines not perpendicular,lines perpendicular,"3, 1, 1, 1, 0","2, 2, 0, 0, 0"
diff(15),2,orientation of the line,orientation line,"4, 2, 0, 0, 0","2, 2, 0, 0, 0"
diff(15),3,not a perpendicular angle,perpendicular angle,"4, 1, 1, 1, 0","2, 1, 1, 0, 0"
diff(15),4,smaller line slanted,smaller line slanted,"3, 1, 1, 0, 0","3, 1, 1, 0, 0"
diff(15),5,the two lines do not form a right angle. ,two lines form right angle,"9, 2, 1, 1, 1","5, 2, 0, 2, 1"
diff(15),6,not perpendicular ,perpendicular,"2, 0, 1, 1, 0","1, 1, 0, 0, 0"
diff(15),7,smaller line does not meet large line at a right angle,smaller line meet large line right angle,"11, 3, 3, 1, 0","7, 4, 2, 0, 0"
diff(15),8,middle line is slanted,middle line slanted,"4, 1, 1, 0, 0","3, 1, 1, 0, 0"
diff(15),9,no right angle,right angle,"3, 1, 1, 0, 0","2, 1, 0, 1, 0"
diff(15),10,Center line orientation,center line orientation,"3, 2, 0, 0, 0","3, 3, 0, 0, 0"
diff(15),11,Angles aren't 90 degrees,angles arent 90 degrees,"4, 2, 0, 1, 1","4, 2, 0, 0, 1"
diff(15),12,Branch has different orientation,branch different orientation,"4, 2, 1, 0, 0","3, 2, 1, 0, 0"
diff(15),13,The extra line is a diagonal line and it isn't straight like the others.,extra line diagonal line isnt straight like others,"14, 3, 2, 1, 0","8, 4, 2, 0, 0"
diff(15),14,small line is not perpendicular,small line perpendicular,"5, 1, 2, 1, 0","3, 2, 1, 0, 0"
diff(15),15,Curved line,curved line,"2, 1, 0, 0, 0","2, 1, 0, 0, 0"
diff(16),1,dot is farther from line,dot farther line,"5, 2, 0, 1, 0","3, 2, 0, 0, 0"
diff(16),2,dot above line,dot line,"3, 2, 0, 0, 0","2, 2, 0, 0, 0"
diff(16),3,dot is far away,dot far away,"4, 1, 0, 2, 0","3, 1, 0, 2, 0"
diff(16),4,ball spaced farther,ball spaced farther,"3, 1, 1, 0, 0","3, 1, 1, 0, 0"
diff(16),5,the dot is not close to the line. ,dot close line,"8, 2, 0, 2, 0","3, 2, 0, 1, 0"
diff(16),6,point too far from line,point far line,"5, 2, 0, 2, 0","3, 2, 0, 1, 0"
diff(16),7,small black circle is further from the line than in others,small black circle line others,"11, 3, 2, 1, 0","5, 3, 2, 0, 0"
diff(16),8,the dot is too high up,dot high,"6, 1, 1, 2, 0","2, 0, 1, 1, 0"
diff(16),9,dot far from line,dot far line,"4, 2, 0, 1, 0","3, 2, 0, 1, 0"
diff(16),10,Different dot orientation,different dot orientation,"3, 2, 0, 0, 0","3, 2, 1, 0, 0"
diff(16),11,The dot is further from the line.,dot line,"7, 2, 0, 1, 0","2, 2, 0, 0, 0"
diff(16),12,Objects spaced apart,objects spaced apart,"3, 1, 0, 1, 0","3, 1, 0, 1, 0"
diff(16),13,The dot is very spaced out compared to the other dot/line pair.,dot spaced compared dotline pair,"12, 3, 1, 2, 0","5, 3, 0, 0, 0"
diff(16),14,the dot is further away from the line,dot away line,"8, 2, 1, 1, 0","3, 1, 0, 1, 0"
diff(16),15,Different dot placement,different dot placement,"3, 2, 0, 0, 0","3, 2, 1, 0, 0"
diff(18),1,circle is bigger,circle bigger,"3, 1, 1, 0, 0","2, 1, 1, 0, 0"
diff(18),2,dot not centered in shape,dot centered shape,"5, 2, 0, 1, 0","3, 2, 0, 0, 0"
diff(18),3,white dot off center,white dot center,"4, 1, 1, 1, 0","3, 2, 1, 0, 0"
diff(18),4,dot not in center,dot center,"4, 2, 0, 1, 0","2, 2, 0, 0, 0"
diff(18),5,the white dot is not centered. ,white dot centered,"6, 1, 1, 1, 0","3, 1, 1, 0, 0"
diff(18),6,point not centered,point centered,"3, 1, 0, 1, 0","2, 1, 0, 0, 0"
diff(18),7,White circle is not in the center of the big circle,white circle center big circle,"11, 3, 1, 1, 0","5, 3, 2, 0, 0"
diff(18),8,the white dot is not centered,white dot centered,"6, 1, 1, 1, 0","3, 1, 1, 0, 0"
diff(18),9,dot off-centered,dot offcentered,"2, 1, 1, 0, 0","2, 1, 0, 0, 0"
diff(18),10,Different dot orientation,different dot orientation,"3, 2, 0, 0, 0","3, 2, 1, 0, 0"
diff(18),11,The hole isn't centered.,hole isnt centered,"4, 1, 0, 1, 0","3, 2, 0, 0, 0"
diff(18),12,Dot off center,dot center,"3, 1, 0, 1, 0","2, 2, 0, 0, 0"
diff(18),13,The white dot is not in the center of the circle.,white dot center circle,"11, 3, 1, 1, 0","4, 3, 1, 0, 0"
diff(18),14,dot is not in the middle of cirlce,dot middle cirlce,"8, 3, 0, 1, 0","3, 3, 0, 0, 0"
diff(18),15,Different dot placement,different dot placement,"3, 2, 0, 0, 0","3, 2, 1, 0, 0"
diff(19),1,dot not in middle of line,dot middle line,"6, 3, 0, 1, 0","3, 2, 0, 0, 1"
diff(19),2,dot not centered,dot centered,"3, 1, 0, 1, 0","2, 1, 0, 0, 0"
diff(19),3,dot is off-center,dot offcenter,"3, 1, 1, 0, 0","2, 2, 0, 0, 0"
diff(19),4,dot near the end?,dot near end,"4, 2, 0, 0, 0","3, 2, 0, 0, 0"
diff(19),5,the dot is lower on the line. ,dot lower line,"7, 2, 1, 0, 0","3, 2, 1, 0, 0"
diff(19),6,point not in the middle of the line,point middle line,"8, 3, 0, 1, 0","3, 2, 0, 0, 1"
diff(19),7,black dot is on the left hand side of the line,black dot left hand side line,"11, 4, 2, 0, 0","6, 4, 1, 0, 0"
diff(19),8,the dot is not centered,dot centered,"5, 1, 0, 1, 0","2, 1, 0, 0, 0"
diff(19),9,dot not centered,dot centered,"3, 1, 0, 1, 0","2, 1, 0, 0, 0"
diff(19),10,"Uncentered dot, not centered",uncentered dot centered,"4, 1, 0, 1, 0","3, 1, 1, 0, 0"
diff(19),11,The marker is at less than 50%.,marker less 50,"7, 2, 1, 0, 1","3, 1, 0, 0, 1"
diff(19),12,Dot not centered,dot centered,"3, 0, 0, 1, 0","2, 1, 0, 0, 0"
diff(19),13,The dot is not in the center.,dot center,"7, 2, 0, 1, 0","2, 2, 0, 0, 0"
diff(19),14,dot is not in middle of line,dot middle line,"7, 3, 0, 1, 0","3, 2, 0, 0, 1"
diff(19),15,Different dot placement,different dot placement,"3, 2, 0, 0, 0","3, 2, 1, 0, 0"
diff(20),1,equilateral triangle,equilateral triangle,"2, 1, 1, 0, 0","2, 1, 1, 0, 0"
diff(20),2,corner is facing left,corner facing left,"4, 1, 1, 0, 0","3, 2, 0, 0, 0"
diff(20),3,isoceles triangle,isoceles triangle,"2, 1, 0, 0, 0","2, 1, 0, 0, 0"
diff(20),4,Skinnier triangle,skinnier triangle,"2, 1, 0, 0, 0","2, 1, 1, 0, 0"
diff(20),5,all the sides are not even. ,sides even,"6, 1, 0, 2, 0","2, 1, 0, 1, 0"
diff(20),6,not equilateral triangle,equilateral triangle,"3, 1, 1, 1, 0","2, 1, 1, 0, 0"
diff(20),7,triangle is more pointed than others,triangle pointed others,"6, 2, 1, 1, 0","3, 2, 0, 0, 0"
diff(20),8,long and skinny,long skinny,"3, 0, 0, 1, 0","2, 1, 0, 1, 0"
diff(20),9,not equilateral triangle,equilateral triangle,"3, 1, 1, 1, 0","2, 1, 1, 0, 0"
diff(20),10,"Tall triangle, not short",tall triangle short,"4, 1, 1, 1, 0","3, 1, 2, 0, 0"
diff(20),11,It has more than one length.,one length,"6, 1, 1, 0, 1","2, 1, 0, 0, 1"
diff(20),12,Shape leaner,shape leaner,"2, 2, 0, 0, 0","2, 2, 0, 0, 0"
diff(20),13,The triangle is a different shape than others ( longer sides),triangle different shape others longer sides,"11, 4, 2, 0, 0","6, 4, 1, 1, 0"
diff(20),14,the shape is more narrow,shape narrow,"5, 1, 1, 1, 0","2, 2, 0, 0, 0"
diff(20),15,Different angle measure,different angle measure,"3, 1, 0, 0, 0","3, 2, 1, 0, 0"
diff(21),1,has the least amount of space on left side of dot,least amount space left side dot,"11, 4, 2, 0, 0","6, 3, 2, 0, 0"
diff(21),2,the line is longest,line longest,"4, 1, 1, 0, 0","2, 1, 1, 0, 0"
diff(21),3,position of dot is extreme,position dot extreme,"5, 2, 1, 0, 0","3, 3, 0, 0, 0"
diff(21),4,Longer line?,longer line,"2, 1, 1, 0, 0","2, 1, 1, 0, 0"
diff(21),5,the dot is closer to the edge. ,dot closer edge,"7, 2, 0, 1, 0","3, 3, 0, 0, 0"
diff(21),6,point too far to left,point far left,"5, 1, 0, 2, 0","3, 1, 0, 1, 0"
diff(21),7,black circle is further left on the line than the others,black circle left line others,"11, 4, 2, 0, 0","5, 3, 1, 0, 0"
diff(21),8,the dot is further on the side of the line,dot side line,"10, 3, 0, 1, 0","3, 2, 1, 0, 0"
diff(21),9,dot farther left,dot farther left,"3, 2, 0, 0, 0","3, 2, 0, 0, 0"
diff(21),10,Dot orientation,dot orientation,"2, 1, 0, 0, 0","2, 2, 0, 0, 0"
diff(21),11,Marker is at less than 1/3,marker less 13,"6, 1, 1, 0, 1","3, 1, 0, 0, 1"
diff(21),12,Dot closer to edge,dot closer edge,"4, 1, 0, 0, 0","3, 3, 0, 0, 0"
diff(21),13,The dot is not close to the center like the other lines.,dot close center like lines,"12, 3, 1, 2, 0","5, 2, 0, 2, 0"
diff(21),14,the dot is closer to the beginning,dot closer beginning,"7, 2, 0, 1, 0","3, 2, 0, 1, 0"
diff(21),15,Different dot placement,different dot placement,"3, 2, 0, 0, 0","3, 2, 1, 0, 0"
diff(22),1,dot is closest to longest side,dot closest longest side,"6, 2, 1, 0, 0","4, 2, 2, 0, 0"
diff(22),2,dot on wider side,dot wider side,"4, 3, 0, 0, 0","3, 3, 0, 0, 0"
diff(22),3,slightly larger,slightly larger,"2, 0, 1, 1, 0","2, 0, 1, 1, 0"
diff(22),4,Cannot figure this one out,cannot figure one,"5, 1, 0, 1, 1","3, 0, 0, 1, 1"
diff(22),5,the white dot is closer to the acute angel. ,white dot closer acute angel,"9, 3, 1, 1, 0","5, 3, 1, 1, 0"
diff(22),6,point not centered,point centered,"3, 1, 0, 1, 0","2, 1, 0, 0, 0"
diff(22),7,small white circle is not situated on the narrow end of the shape,small white circle situated narrow end shape,"13, 3, 3, 1, 0","7, 3, 3, 0, 0"
diff(22),8,the dot is wrong,dot wrong,"4, 1, 1, 0, 0","2, 1, 1, 0, 0"
diff(22),9,dot on longer side,dot longer side,"4, 2, 1, 0, 0","3, 1, 0, 2, 0"
diff(22),10,Different orientation,different orientation,"2, 1, 1, 0, 0","2, 1, 1, 0, 0"
diff(22),11,The hole is closer to the long side.,hole closer long side,"8, 2, 1, 1, 0","4, 3, 1, 0, 0"
diff(22),12,Sides more inequal,sides inequal,"3, 0, 1, 1, 0","2, 1, 1, 0, 0"
diff(22),13,The shape is bigger than the others.,shape bigger others,"7, 2, 1, 0, 0","3, 2, 1, 0, 0"
diff(22),14,the dot is closest to the left side,dot closest left side,"8, 2, 2, 0, 0","4, 2, 1, 0, 0"
diff(22),15,Different dot placement,different dot placement,"3, 2, 0, 0, 0","3, 2, 1, 0, 0"
diff(23),1,shape is a rectangle,shape rectangle,"4, 2, 0, 0, 0","2, 2, 0, 0, 0"
diff(23),2,rectangle,rectangle,"1, 1, 0, 0, 0","1, 1, 0, 0, 0"
diff(23),3,nothing at all,nothing,"3, 1, 0, 0, 0","1, 1, 0, 0, 0"
diff(23),4,rectangle versus square,rectangle versus square,"3, 3, 0, 0, 0","3, 3, 0, 0, 0"
diff(23),5,it is not a square. ,square,"5, 1, 0, 1, 0","1, 1, 0, 0, 0"
diff(23),6,not square,square,"2, 0, 0, 1, 0","1, 1, 0, 0, 0"
diff(23),7,Shape is a rectangle not a square,shape rectangle square,"7, 3, 0, 1, 0","3, 3, 0, 0, 0"
diff(23),8,rectangle,rectangle,"1, 1, 0, 0, 0","1, 1, 0, 0, 0"
diff(23),9,not a square,square,"3, 1, 0, 1, 0","1, 1, 0, 0, 0"
diff(23),10,"Rectangle, not square",rectangle square,"3, 0, 0, 1, 0","2, 2, 0, 0, 0"
diff(23),11,It isn't a square.,isnt square,"4, 1, 0, 1, 0","2, 1, 0, 0, 0"
diff(23),12,Not a square,square,"3, 1, 0, 1, 0","1, 1, 0, 0, 0"
diff(23),13,It is a rectangle,rectangle,"4, 1, 0, 0, 0","1, 1, 0, 0, 0"
diff(23),14,shape is a rectangle,shape rectangle,"4, 2, 0, 0, 0","2, 2, 0, 0, 0"
diff(23),15,"Rectangle, not square",rectangle square,"3, 0, 0, 1, 0","2, 2, 0, 0, 0"
diff(24),1,different shape,different shape,"2, 1, 1, 0, 0","2, 1, 1, 0, 0"
diff(24),2,oblong rectangle,oblong rectangle,"2, 1, 0, 1, 0","2, 1, 0, 1, 0"
diff(24),3,parallel lines?,parallel lines,"2, 2, 0, 0, 0","2, 1, 1, 0, 0"
diff(24),4,box is slanted,box slanted,"3, 1, 0, 0, 0","2, 1, 0, 0, 0"
diff(24),5,it is not a rectangle. ,rectangle,"5, 1, 0, 1, 0","1, 1, 0, 0, 0"
diff(24),6,no right angles,right angles,"3, 1, 1, 0, 0","2, 1, 1, 0, 0"
diff(24),7,shape is a quadrilateral not a rectangle,shape quadrilateral rectangle,"7, 2, 1, 1, 0","3, 2, 1, 0, 0"
diff(24),8,lines are slatned,lines slatned,"3, 1, 0, 0, 0","2, 1, 0, 0, 0"
diff(24),9,"rhombus, not rectangle",rhombus rectangle,"3, 1, 0, 1, 0","2, 2, 0, 0, 0"
diff(24),10,"Diamond, not rectangle",diamond rectangle,"3, 1, 0, 1, 0","2, 2, 0, 0, 0"
diff(24),11,It doesn't have 90 degree angles.,doesnt 90 degree angles,"6, 1, 1, 1, 1","4, 1, 1, 1, 1"
diff(24),12,Not a rectangle,rectangle,"3, 1, 0, 1, 0","1, 1, 0, 0, 0"
diff(24),13,The rectangular shape has diagonal lines.,rectangular shape diagonal lines,"6, 2, 2, 0, 0","4, 2, 2, 0, 0"
diff(24),14,shape is not straight sides,shape straight sides,"5, 2, 1, 1, 0","3, 2, 0, 0, 0"
diff(24),15,Stretched shape,stretched shape,"2, 1, 0, 0, 0","2, 1, 0, 0, 0"
diff(25),1,it is a rhombus,rhombus,"4, 1, 0, 0, 0","1, 1, 0, 0, 0"
diff(25),2,one wide end,one wide end,"3, 1, 1, 0, 1","3, 1, 1, 0, 1"
diff(25),3,it is a rhombus,rhombus,"4, 1, 0, 0, 0","1, 1, 0, 0, 0"
diff(25),5,only 2 sides length seem to match. ,2 sides length seem match,"7, 1, 0, 1, 1","5, 2, 0, 0, 1"
diff(25),6,not paralellogram,paralellogram,"2, 0, 0, 1, 0","1, 1, 0, 0, 0"
diff(25),7,shape is a trapezoid instead of parallelogram,shape trapezoid instead parallelogram,"7, 2, 1, 1, 0","4, 3, 0, 1, 0"
diff(25),8,the top is missing,top missing,"4, 1, 0, 0, 0","2, 1, 1, 0, 0"
diff(25),9,unequal length of shape sides,unequal length shape sides,"5, 3, 1, 0, 0","4, 3, 1, 0, 0"
diff(25),10,Trapezoid not paralellogram,trapezoid paralellogram,"3, 0, 0, 1, 0","2, 2, 0, 0, 0"
diff(25),11,The sides have more than two different lengths.,sides two different lengths,"8, 2, 2, 0, 1","4, 2, 1, 0, 1"
diff(25),12,Not square or rectangle,square rectangle,"4, 1, 1, 1, 0","2, 2, 0, 0, 0"
diff(25),13,It is not a diagonal rectangular shape.,diagonal rectangular shape,"7, 1, 2, 1, 0","3, 2, 1, 0, 0"
diff(25),14,sides are different size,sides different size,"4, 2, 1, 0, 0","3, 2, 1, 0, 0"
diff(25),15,Different shape,different shape,"2, 1, 1, 0, 0","2, 1, 1, 0, 0"
diff(26),1,different shape,different shape,"2, 1, 1, 0, 0","2, 1, 1, 0, 0"
diff(26),2,width of the shape,width shape,"4, 2, 0, 0, 0","2, 2, 0, 0, 0"
diff(26),3,nonmatching sides,nonmatching sides,"2, 1, 0, 0, 0","2, 1, 0, 0, 0"
diff(26),4,Point at the top ,point top,"4, 2, 0, 0, 0","2, 2, 0, 0, 0"
diff(26),5,no 2 side match length. ,2 side match length,"5, 2, 0, 1, 1","4, 2, 1, 0, 1"
diff(26),6,not quadrilateral,quadrilateral,"2, 0, 1, 1, 0","1, 0, 1, 0, 0"
diff(26),7,Shape is not a quadrilateral,shape quadrilateral,"5, 1, 1, 1, 0","2, 1, 1, 0, 0"
diff(26),8,the shape is wrong,shape wrong,"4, 1, 1, 0, 0","2, 1, 1, 0, 0"
diff(26),9,unequal sides,unequal sides,"2, 1, 1, 0, 0","2, 1, 1, 0, 0"
diff(26),10,Different shape orientation,different shape orientation,"3, 2, 1, 0, 0","3, 2, 1, 0, 0"
diff(26),11,It has more then four sides.,four sides,"6, 1, 1, 1, 1","2, 1, 0, 0, 1"
diff(26),12,Distorted angles,distorted angles,"2, 1, 0, 0, 0","2, 1, 0, 0, 0"
diff(26),13,The shape isn't a rectangular shaped.,shape isnt rectangular shaped,"6, 2, 1, 1, 0","4, 3, 0, 0, 0"
diff(26),14,no 2 sides the same,2 sides,"5, 1, 1, 0, 1","2, 1, 0, 0, 1"
diff(26),15,Different shape,different shape,"2, 1, 1, 0, 0","2, 1, 1, 0, 0"
diff(27),1,shapes are not mirror images,shapes mirror images,"5, 2, 1, 1, 0","3, 3, 0, 0, 0"
diff(27),2,facing different direction than the rest,facing different direction rest,"6, 2, 1, 0, 0","4, 2, 1, 0, 0"
diff(27),3,general shape of triangles,general shape triangles,"4, 2, 1, 0, 0","3, 2, 1, 0, 0"
diff(27),4,More of a wider shape,wider shape,"5, 2, 1, 0, 0","2, 2, 0, 0, 0"
diff(27),5,all the sides are equally long. ,sides equally long,"6, 1, 0, 2, 0","3, 1, 0, 2, 0"
diff(27),6,does not display reflection,display reflection,"4, 1, 0, 1, 0","2, 2, 0, 0, 0"
diff(27),7,triangle are not mirror images of each other like the others,triangle mirror images like others,"11, 3, 2, 1, 0","5, 4, 0, 0, 0"
diff(27),8,pointing to the left,pointing left,"4, 1, 0, 0, 0","2, 0, 0, 0, 0"
diff(27),9,"not mirror images, different sized shapes",mirror images different sized shapes,"6, 3, 1, 1, 0","5, 3, 1, 0, 0"
diff(27),10,Different orientation,different orientation,"2, 1, 1, 0, 0","2, 1, 1, 0, 0"
diff(27),11,The shapes are facing the exact same direction.,shapes facing exact direction,"8, 2, 2, 0, 0","4, 2, 1, 0, 0"
diff(27),12,Shapes angled in same direction,shapes angled direction,"5, 2, 1, 0, 0","3, 2, 0, 0, 0"
diff(27),13,The triangles are not the exact same reflection of each other.,triangles exact reflection,"11, 2, 3, 1, 0","3, 2, 1, 0, 0"
diff(27),14,shapes are parralel,shapes parralel,"3, 1, 1, 0, 0","2, 1, 0, 0, 0"
diff(27),15,Different size,different size,"2, 2, 0, 0, 0","2, 1, 1, 0, 0"
diff(28),1,different shape,different shape,"2, 1, 1, 0, 0","2, 1, 1, 0, 0"
diff(28),2,shape is not symmetrical ,shape symmetrical,"4, 1, 1, 1, 0","2, 1, 1, 0, 0"
diff(28),3,"asymmetrical, jagged",asymmetrical jagged,"2, 0, 1, 0, 0","2, 0, 1, 0, 0"
diff(28),4,No wide sections,wide sections,"3, 1, 1, 0, 0","2, 1, 1, 0, 0"
diff(28),5,it is not symatrical. ,symatrical,"4, 0, 1, 1, 0","1, 0, 1, 0, 0"
diff(28),6,no lines of symmetry ,lines symmetry,"4, 2, 0, 0, 0","2, 2, 0, 0, 0"
diff(28),7,there is not one jagged part that is larger than the others,one jagged part larger others,"12, 2, 1, 1, 1","5, 2, 2, 0, 1"
diff(28),8,the crinkles are irratic,crinkles irratic,"4, 1, 1, 0, 0","2, 1, 1, 0, 0"
diff(28),9,shape not symmetrical,shape symmetrical,"3, 1, 1, 1, 0","2, 1, 1, 0, 0"
diff(28),10,Different orientation,different orientation,"2, 1, 1, 0, 0","2, 1, 1, 0, 0"
diff(28),11,It can't be evenly split vertically.,cant evenly split vertically,"6, 0, 0, 3, 0","4, 1, 0, 2, 0"
diff(28),12,Jutting sides unequal,jutting sides unequal,"3, 1, 1, 0, 0","3, 1, 1, 0, 0"
diff(28),13,The pointy sides don't match with each other.,pointy sides dont match,"8, 2, 1, 1, 0","4, 3, 0, 0, 0"
diff(28),14,shape is symetrical,shape symetrical,"3, 1, 1, 0, 0","2, 1, 1, 0, 0"
diff(28),15,Uneven stack,uneven stack,"2, 1, 0, 0, 0","2, 1, 1, 0, 0"
diff(29),1,different shape,different shape,"2, 1, 1, 0, 0","2, 1, 1, 0, 0"
diff(29),2,shape isn't symmetrical,shape isnt symmetrical,"3, 1, 1, 1, 0","3, 1, 1, 0, 0"
diff(29),3,jagged angles,jagged angles,"2, 2, 0, 0, 0","2, 2, 0, 0, 0"
diff(29),4,Wide in middle versus at ends,wide middle versus ends,"6, 2, 1, 0, 0","4, 2, 2, 0, 0"
diff(29),5,if you rotate it the shape will remain the same. ,rotate shape remain,"10, 1, 1, 0, 0","3, 2, 0, 0, 0"
diff(29),6,no lines of symmetry,lines symmetry,"4, 2, 0, 0, 0","2, 2, 0, 0, 0"
diff(29),7,peaks are more jagged,peaks jagged,"4, 1, 1, 1, 0","2, 1, 0, 0, 0"
diff(29),8,the crinkles are irratic,crinkles irratic,"4, 1, 1, 0, 0","2, 1, 1, 0, 0"
diff(29),9,shape not symmetrical,shape symmetrical,"3, 1, 1, 1, 0","2, 1, 1, 0, 0"
diff(29),10,shape orientation,shape orientation,"2, 2, 0, 0, 0","2, 2, 0, 0, 0"
diff(29),11,It can't be evenly split horizontally.,cant evenly split horizontally,"6, 0, 0, 3, 0","4, 1, 0, 2, 0"
diff(29),12,No aesthetic point,aesthetic point,"3, 1, 1, 0, 0","2, 1, 1, 0, 0"
diff(29),13,The top and bottom of the tips don't match each other.,top bottom tips dont match,"11, 2, 2, 1, 0","5, 3, 1, 0, 0"
diff(29),14,shape is symetrical,shape symetrical,"3, 1, 1, 0, 0","2, 1, 1, 0, 0"
diff(29),15,Stacked unevenly,stacked unevenly,"2, 0, 0, 1, 0","2, 0, 0, 1, 0"
diff(30),1,different shape,different shape,"2, 1, 1, 0, 0","2, 1, 1, 0, 0"
diff(30),2,shape is not symmetrical,shape symmetrical,"4, 1, 1, 1, 0","2, 1, 1, 0, 0"
diff(30),3,it is more jagged,jagged,"4, 0, 1, 1, 0","1, 1, 0, 0, 0"
diff(30),4,No wide end,wide end,"3, 1, 1, 0, 0","2, 1, 1, 0, 0"
diff(30),5,it is not symatrical. ,symatrical,"4, 0, 1, 1, 0","1, 0, 1, 0, 0"
diff(30),6,figure does not have a line of symmetry,figure line symmetry,"8, 3, 0, 1, 0","3, 3, 0, 0, 0"
diff(30),7,shape is tilted to the right at an angle,shape tilted right angle,"9, 3, 0, 0, 0","4, 2, 1, 0, 0"
diff(30),8,the crinkles have no pattern,crinkles pattern,"5, 2, 0, 0, 0","2, 1, 0, 0, 0"
diff(30),9,shape asymmetrical,shape asymmetrical,"2, 1, 1, 0, 0","2, 1, 1, 0, 0"
diff(30),10,Different shape orientation,different shape orientation,"3, 2, 1, 0, 0","3, 2, 1, 0, 0"
diff(30),11,Halves aren't identical when it's split horizontally.,halves arent identical split horizontally,"7, 1, 1, 2, 0","5, 2, 2, 1, 0"
diff(30),12,Jagged edges more uneven,jagged edges uneven,"4, 1, 1, 1, 0","3, 1, 0, 1, 0"
diff(30),13,The pointy tips do not match each other. The tips are different size so the top is bigger/smaller than bottom.,pointy tips match tips different size top biggersmaller bottom,"20, 6, 3, 1, 0","9, 5, 3, 0, 0"
diff(30),14,the shape is the same on both ends,shape ends,"8, 2, 1, 0, 0","2, 2, 0, 0, 0"
diff(30),15,Opposite facing parts,opposite facing parts,"3, 2, 0, 0, 0","3, 2, 0, 1, 0"
diff(31),1,orientated differently in relation to one another,orientated differently relation one another,"7, 1, 0, 1, 1","5, 1, 0, 1, 1"
diff(31),2,the shape aren't orientated the same way,shape arent orientated way,"7, 2, 1, 1, 0","4, 3, 0, 0, 0"
diff(31),3,not aligned,aligned,"2, 0, 0, 1, 0","1, 0, 0, 0, 0"
diff(31),4,points face each other ,points face,"4, 1, 1, 0, 0","2, 1, 0, 0, 0"
diff(31),5,the second symbol is flipped from the other one. ,second symbol flipped one,"9, 1, 2, 0, 1","4, 1, 1, 0, 1"
diff(31),6,not oriented in same direction,oriented direction,"5, 1, 1, 1, 0","2, 1, 0, 0, 0"
diff(31),7,triangles are not oriented the same direction as the others are,triangles oriented direction others,"11, 3, 1, 1, 0","4, 3, 0, 0, 0"
diff(31),8,they are facing wrong,facing wrong,"4, 0, 1, 0, 0","2, 1, 1, 0, 0"
diff(31),9,second shape reversed,second shape reversed,"3, 1, 1, 0, 0","3, 1, 1, 0, 0"
diff(31),10,Different orientation,different orientation,"2, 1, 1, 0, 0","2, 1, 1, 0, 0"
diff(31),11,The shapes are facing opposite directions.,shapes facing opposite directions,"6, 2, 1, 0, 0","4, 2, 1, 0, 0"
diff(31),12,Points facing each other,points facing,"4, 1, 1, 0, 0","2, 1, 0, 0, 0"
diff(31),13,The pointy tips of the triangle are facing each other.,pointy tips triangle facing,"10, 2, 2, 0, 0","4, 2, 0, 0, 0"
diff(31),14,shapes are not parallel,shapes parallel,"4, 1, 1, 1, 0","2, 1, 0, 0, 0"
diff(31),15,Facing opposite directions,facing opposite directions,"3, 1, 1, 0, 0","3, 1, 1, 0, 0"
diff(32),1,not mirror images on either side of dot,mirror images either side dot,"8, 3, 1, 1, 0","5, 3, 0, 0, 0"
diff(32),2,point of triangle by dot,point triangle dot,"5, 3, 0, 0, 0","3, 2, 0, 0, 0"
diff(32),4,Point end towards dot,point end towards dot,"4, 3, 0, 0, 0","4, 4, 0, 0, 0"
diff(32),5,has an angle and base facing the dot.,angle base facing dot,"8, 3, 0, 0, 0","4, 4, 0, 0, 0"
diff(32),6,point not reflective,point reflective,"3, 1, 1, 1, 0","2, 2, 0, 0, 0"
diff(32),7,point of one triangle points to the black circle,point one triangle points black circle,"9, 4, 1, 0, 1","6, 4, 1, 0, 1"
diff(32),8,tow triangles are facing the same directions,tow triangles facing directions,"7, 3, 1, 0, 0","4, 3, 0, 0, 0"
diff(32),9,shapes not reversed,shapes reversed,"3, 1, 0, 1, 0","2, 1, 0, 0, 0"
diff(32),10,Different orientation,different orientation,"2, 1, 1, 0, 0","2, 1, 1, 0, 0"
diff(32),11,Triangles face same direction,triangles face direction,"4, 2, 1, 0, 0","3, 2, 0, 0, 0"
diff(32),12,Shapes pointing same direction,shapes pointing direction,"4, 2, 1, 0, 0","3, 2, 0, 0, 0"
diff(32),13,The direction of the triangles are facing the side direction.,direction triangles facing side direction,"10, 4, 0, 0, 0","5, 3, 1, 0, 0"
diff(32),14,he shapes are parallel,shapes parallel,"4, 0, 1, 0, 0","2, 1, 0, 0, 0"
diff(32),15,Different dot placement,different dot placement,"3, 2, 0, 0, 0","3, 2, 1, 0, 0"
diff(33),1,not mirror images,mirror images,"3, 2, 0, 1, 0","2, 2, 0, 0, 0"
diff(33),2,the top points aren't coming together,top points arent coming together,"6, 1, 1, 2, 0","5, 1, 2, 1, 0"
diff(33),3,direction of triangles pointing,direction triangles pointing,"4, 2, 0, 0, 0","3, 2, 0, 0, 0"
diff(33),4,pointed at a angle,pointed angle,"4, 1, 0, 0, 0","2, 1, 0, 0, 0"
diff(33),5,the shapes weren't flipped to the other side of the line. ,shapes werent flipped side line,"11, 3, 1, 1, 0","5, 4, 0, 0, 0"
diff(33),6,not relfection,relfection,"2, 1, 0, 1, 0","1, 1, 0, 0, 0"
diff(33),7,triangles have their point directed to the upper left,triangles point directed upper left,"9, 3, 1, 0, 0","5, 3, 1, 0, 0"
diff(33),8,The orientation is wrong,orientation wrong,"4, 1, 1, 0, 0","2, 1, 1, 0, 0"
diff(33),9,shapes not mirrored,shapes mirrored,"3, 1, 0, 1, 0","2, 1, 0, 0, 0"
diff(33),10,different orientation,different orientation,"2, 1, 1, 0, 0","2, 1, 1, 0, 0"
diff(33),11,The shapes aren't parallel to the center line.,shapes arent parallel center line,"8, 3, 0, 2, 0","5, 3, 1, 1, 0"
diff(33),12,Shapes both pointing right,shapes pointing right,"4, 1, 0, 0, 0","3, 1, 0, 1, 0"
diff(33),13,The triangles are more evenly shaped than the others.,triangles evenly shaped others,"9, 2, 1, 1, 0","4, 2, 0, 1, 0"
diff(33),14,the shapes are pointing up,shapes pointing,"5, 1, 0, 1, 0","2, 1, 0, 0, 0"
diff(33),15,Different direction,different direction,"2, 1, 1, 0, 0","2, 1, 1, 0, 0"
diff(34),1,triangles are equilateral,triangles equilateral,"3, 1, 1, 0, 0","2, 1, 1, 0, 0"
diff(34),2,orientation of shapes on lines,orientation shapes lines,"5, 3, 0, 0, 0","3, 3, 0, 0, 0"
diff(34),3,direction of points,direction points,"3, 2, 0, 0, 0","2, 2, 0, 0, 0"
diff(34),4,bigger shapes?,bigger shapes,"2, 1, 1, 0, 0","2, 1, 1, 0, 0"
diff(34),5,one symbol is uprite whill the other is on its point. ,one symbol uprite whill point,"11, 2, 2, 0, 1","5, 3, 1, 0, 1"
diff(34),6,figures not on dotted line,figures dotted line,"5, 2, 0, 1, 0","3, 2, 0, 0, 0"
diff(34),7,two triangles are mirror image flipped of each other,two triangles mirror image flipped,"9, 2, 2, 0, 1","5, 2, 0, 0, 1"
diff(34),8,triangles are facing wrong,triangles facing wrong,"4, 1, 1, 0, 0","3, 1, 1, 0, 0"
diff(34),9,different orientation of one shape,different orientation one shape,"5, 2, 1, 0, 1","4, 2, 1, 0, 1"
diff(34),10,different orientation,different orientation,"2, 1, 1, 0, 0","2, 1, 1, 0, 0"
diff(34),11,The shapes are facing different directions.,shapes facing different directions,"6, 2, 1, 0, 0","4, 2, 1, 0, 0"
diff(34),12,Shapes facing opposite direction,shapes facing opposite direction,"4, 2, 1, 0, 0","4, 2, 1, 0, 0"
diff(34),13,The shapes are opposites sides from each other. If they were to get close to each other they would actually fit together.,shapes opposites sides get close would actually fit together,"22, 2, 2, 3, 0","9, 2, 0, 3, 0"
diff(34),14,the shapes are not the same,shapes,"6, 1, 1, 1, 0","1, 1, 0, 0, 0"
diff(34),15,Facing different direction,facing different direction,"3, 1, 1, 0, 0","3, 1, 1, 0, 0"
diff(35),1,not mirror images on either side of line,mirror images either side line,"8, 3, 1, 1, 0","5, 3, 0, 0, 0"
diff(35),2,orientation of the triangles,orientation triangles,"4, 2, 0, 0, 0","2, 2, 0, 0, 0"
diff(35),3,"uhm, nothing????",uhm nothing,"2, 2, 0, 0, 0","2, 1, 1, 0, 0"
diff(35),4,Wider triangles?,wider triangles,"2, 2, 0, 0, 0","2, 2, 0, 0, 0"
diff(35),5,the second shape seems a little big smaller. ,second shape seems little big smaller,"8, 1, 4, 0, 0","6, 1, 4, 0, 0"
diff(35),6,not reflection,reflection,"2, 1, 0, 1, 0","1, 1, 0, 0, 0"
diff(35),7,triangles are oriented the same instead of mirrored,triangles oriented instead mirrored,"8, 1, 2, 1, 0","4, 1, 0, 1, 0"
diff(35),8,facing the same direction,facing direction,"4, 1, 1, 0, 0","2, 1, 0, 0, 0"
diff(35),9,shapes not mirrored,shapes mirrored,"3, 1, 0, 1, 0","2, 1, 0, 0, 0"
diff(35),10,Different orientation,different orientation,"2, 1, 1, 0, 0","2, 1, 1, 0, 0"
diff(35),11,The shapes aren't parallel to the center line.,shapes arent parallel center line,"8, 3, 0, 2, 0","5, 3, 1, 1, 0"
diff(35),12,Triangle shapes wider,triangle shapes wider,"3, 2, 0, 0, 0","3, 2, 0, 0, 0"
diff(35),13,The triangles are thicker than the others.,triangles thicker others,"7, 2, 1, 0, 0","3, 3, 0, 0, 0"
diff(35),14,angle is different,angle different,"3, 1, 1, 0, 0","2, 1, 1, 0, 0"
diff(35),15,Different direction,different direction,"2, 1, 1, 0, 0","2, 1, 1, 0, 0"
diff(36),1,not in the same orientation,orientation,"5, 1, 1, 1, 0","1, 1, 0, 0, 0"
diff(36),2,direction shapes are pointing,direction shapes pointing,"4, 2, 0, 0, 0","3, 2, 0, 0, 0"
diff(36),3,shapes not in alignment,shapes alignment,"4, 2, 0, 1, 0","2, 2, 0, 0, 0"
diff(36),4,pointing toward each other ,pointing toward,"4, 0, 1, 0, 0","2, 0, 0, 0, 0"
diff(36),5,the enlarged symbol is flipped upside down. ,enlarged symbol flipped upside,"7, 1, 1, 2, 0","4, 1, 0, 1, 0"
diff(36),6,shapes not aligned,shapes aligned,"3, 1, 0, 1, 0","2, 1, 0, 0, 0"
diff(36),7,Small triangle is mirror image flipped compared to big triangle,small triangle mirror image flipped compared big triangle,"10, 3, 3, 0, 0","8, 4, 2, 0, 0"
diff(36),8,The angle is wrong,angle wrong,"4, 1, 1, 0, 0","2, 1, 1, 0, 0"
diff(36),9,mismatched shape orientations,mismatched shape orientations,"3, 2, 0, 0, 0","3, 2, 0, 0, 0"
diff(36),10,Shape orientation,shape orientation,"2, 2, 0, 0, 0","2, 2, 0, 0, 0"
diff(36),11,The shapes aren't facing the same direction.,shapes arent facing direction,"7, 2, 1, 1, 0","4, 2, 1, 0, 0"
diff(36),12,Points facing each other,points facing,"4, 1, 1, 0, 0","2, 1, 0, 0, 0"
diff(36),13,The tips of the triangle are pointing at each other.,tips triangle pointing,"10, 2, 1, 0, 0","3, 1, 0, 0, 0"
diff(36),14,large difference in size,large difference size,"4, 2, 1, 0, 0","3, 2, 1, 0, 0"
diff(36),15,Facing opposite directions,facing opposite directions,"3, 1, 1, 0, 0","3, 1, 1, 0, 0"
diff(37),1,lines not parallel,lines parallel,"3, 1, 0, 1, 0","2, 2, 0, 0, 0"
diff(37),2,not parallel,parallel,"2, 0, 0, 1, 0","1, 1, 0, 0, 0"
diff(37),3,lines not parallel,lines parallel,"3, 1, 0, 1, 0","2, 2, 0, 0, 0"
diff(37),4,Spaced at an angle,spaced angle,"4, 1, 0, 0, 0","2, 1, 0, 0, 0"
diff(37),5,the two lines are not parellel ,two lines parellel,"6, 1, 1, 1, 1","3, 2, 0, 0, 1"
diff(37),6,potentially intersecting,potentially intersecting,"2, 0, 0, 1, 0","2, 0, 0, 1, 0"
diff(37),7,two lines are not parallel but are diverging,two lines parallel diverging,"8, 1, 1, 1, 1","4, 1, 0, 0, 1"
diff(37),8,lines pointing opposite,lines pointing opposite,"3, 2, 0, 0, 0","3, 2, 0, 0, 0"
diff(37),9,lines not parallel,lines parallel,"3, 1, 0, 1, 0","2, 2, 0, 0, 0"
diff(37),10,Shapes orientation,shapes orientation,"2, 2, 0, 0, 0","2, 2, 0, 0, 0"
diff(37),11,The lines aren't parallel. ,lines arent parallel,"4, 1, 0, 2, 0","3, 3, 0, 0, 0"
diff(37),12,Lines not parallel,lines parallel,"3, 1, 0, 1, 0","2, 2, 0, 0, 0"
diff(37),13,The lines are both at an angle. The two ends at facing each other.,lines angle two ends facing,"14, 3, 1, 0, 1","5, 2, 0, 0, 1"
diff(37),14,the angles are not the same,angles,"6, 1, 1, 1, 0","1, 1, 0, 0, 0"
diff(37),15,Not parallel,parallel,"2, 0, 0, 1, 0","1, 1, 0, 0, 0"
diff(38),1,different orientation,different orientation,"2, 1, 1, 0, 0","2, 1, 1, 0, 0"
diff(38),2,line is veritcal,line veritcal,"3, 1, 1, 0, 0","2, 1, 1, 0, 0"
diff(38),3,position of the black dot???!,position black dot,"5, 2, 1, 0, 0","3, 2, 1, 0, 0"
diff(38),4,ball on right side,ball right side,"4, 2, 1, 0, 0","3, 2, 1, 0, 0"
diff(38),5,is upright and facing my right. ,upright facing right,"6, 1, 1, 0, 0","3, 0, 2, 0, 0"
diff(38),6,point facing clockwise,point facing clockwise,"3, 3, 0, 0, 0","3, 3, 0, 0, 0"
diff(38),7,line is to the left of the circle and is straight up and down,line left circle straight,"14, 3, 0, 2, 0","4, 3, 0, 0, 0"
diff(38),8,upside down,upside,"2, 0, 0, 2, 0","1, 1, 0, 0, 0"
diff(38),9,dot on right,dot right,"3, 2, 0, 0, 0","2, 2, 0, 0, 0"
diff(38),10,Different orientation,different orientation,"2, 1, 1, 0, 0","2, 1, 1, 0, 0"
diff(38),11,It isn't facing the left.,isnt facing left,"5, 1, 0, 1, 0","3, 2, 0, 0, 0"
diff(38),12,Line on left,line left,"3, 2, 0, 0, 0","2, 1, 0, 0, 0"
diff(38),13,The circle is on top right.,circle top right,"6, 2, 1, 0, 0","3, 3, 0, 0, 0"
diff(38),14,cirlce on right side of line,cirlce right side line,"6, 3, 1, 0, 0","4, 3, 1, 0, 0"
diff(38),15,Facing different direction,facing different direction,"3, 1, 1, 0, 0","3, 1, 1, 0, 0"
diff(39),1,"the ""smaller"" triangle is smaller than the other ""smaller"" triangles",smaller triangle smaller smaller triangles,"10, 2, 4, 0, 0","5, 2, 3, 0, 0"
diff(39),2,different length,different length,"2, 1, 1, 0, 0","2, 1, 1, 0, 0"
diff(39),3,small triangle,small triangle,"2, 1, 1, 0, 0","2, 1, 1, 0, 0"
diff(39),4,size is bigger in comparison,size bigger comparison,"5, 2, 1, 0, 0","3, 2, 1, 0, 0"
diff(39),5,the two shapes are both pointing at the same side. ,two shapes pointing side,"10, 2, 1, 0, 1","4, 2, 0, 0, 1"
diff(39),6,not aligned,aligned,"2, 0, 0, 1, 0","1, 0, 0, 0, 0"
diff(39),7,"Small triangle is much smaller than big triangle, compared to others",small triangle much smaller big triangle compared others,"11, 3, 3, 1, 0","8, 2, 4, 1, 0"
diff(39),8,triangle is really large and one really small,triangle really large one really small,"8, 1, 2, 2, 1","6, 1, 2, 2, 1"
diff(39),9,small shape on top,small shape top,"4, 2, 1, 0, 0","3, 2, 1, 0, 0"
diff(39),10,Shape orientation,shape orientation,"2, 2, 0, 0, 0","2, 2, 0, 0, 0"
diff(39),11,The shapes aren't the same size.,shapes arent size,"6, 2, 1, 1, 0","3, 2, 1, 0, 0"
diff(39),12,Second shape smaller,second shape smaller,"3, 1, 2, 0, 0","3, 1, 2, 0, 0"
diff(39),13,The small triangle is a lot smaller compared to the big one.,small triangle lot smaller compared big one,"12, 2, 3, 0, 1","7, 2, 3, 0, 1"
diff(39),14,large size difference,large size difference,"3, 2, 1, 0, 0","3, 2, 1, 0, 0"
diff(39),15,Different shape angle,different shape angle,"3, 2, 1, 0, 0","3, 2, 1, 0, 0"
diff(40),1,different orientation,different orientation,"2, 1, 1, 0, 0","2, 1, 1, 0, 0"
diff(40),2,the lines are parallel,lines parallel,"4, 1, 1, 0, 0","2, 2, 0, 0, 0"
diff(40),3,lines are parallel,lines parallel,"3, 1, 1, 0, 0","2, 2, 0, 0, 0"
diff(40),4,lines are sat straight not at angle,lines sat straight angle,"7, 2, 1, 2, 0","4, 2, 1, 0, 0"
diff(40),5,the two lares are parallel.,two lares parallel,"5, 1, 1, 0, 1","3, 1, 0, 0, 1"
diff(40),6,lines are parallel and not potentially intersecting,lines parallel potentially intersecting,"7, 1, 1, 2, 0","4, 1, 0, 1, 0"
diff(40),7,lines are parallel,lines parallel,"3, 1, 1, 0, 0","2, 2, 0, 0, 0"
diff(40),8,the two lines are paralell,two lines paralell,"5, 1, 0, 1, 1","3, 1, 0, 0, 1"
diff(40),9,lines are parallel,lines parallel,"3, 1, 1, 0, 0","2, 2, 0, 0, 0"
diff(40),10,Different orientation,different orientation,"2, 1, 1, 0, 0","2, 1, 1, 0, 0"
diff(40),11,The lines are parallel.,lines parallel,"4, 1, 1, 0, 0","2, 2, 0, 0, 0"
diff(40),12,Lines are parallel,lines parallel,"3, 1, 1, 0, 0","2, 2, 0, 0, 0"
diff(40),13,They are evenly spaced apart.,evenly spaced apart,"5, 0, 1, 2, 0","3, 0, 0, 2, 0"
diff(40),14,lines are parallel,lines parallel,"3, 1, 1, 0, 0","2, 2, 0, 0, 0"
diff(40),15,Parallel lines,parallel lines,"2, 1, 0, 0, 0","2, 1, 1, 0, 0"
diff(41),1,line is on right side of circle,line right side circle,"7, 3, 1, 0, 0","4, 3, 1, 0, 0"
diff(41),2,facing different direction,facing different direction,"3, 1, 1, 0, 0","3, 1, 1, 0, 0"
diff(41),3,ball facing to the left,ball facing left,"5, 3, 0, 0, 0","3, 2, 0, 0, 0"
diff(41),4,ball is on the left,ball left,"5, 2, 0, 0, 0","2, 1, 0, 0, 0"
diff(41),5,the shape is facing my left. ,shape facing left,"6, 2, 0, 0, 0","3, 2, 0, 0, 0"
diff(41),6,point not facing right,point facing right,"4, 1, 0, 2, 0","3, 3, 0, 0, 0"
diff(41),7,line is on the righthand side of the circle instead of left,line righthand side circle instead left,"12, 4, 1, 1, 0","6, 4, 0, 1, 0"
diff(41),8,it is facing wrong,facing wrong,"4, 0, 1, 0, 0","2, 1, 1, 0, 0"
diff(41),9,dot on left,dot left,"3, 2, 0, 0, 0","2, 1, 0, 0, 0"
diff(41),10,Different orientation,different orientation,"2, 1, 1, 0, 0","2, 1, 1, 0, 0"
diff(41),11,It isn't facing the right.,isnt facing right,"5, 1, 0, 1, 0","3, 1, 1, 0, 0"
diff(41),12,Top pointing left,top pointing left,"3, 1, 1, 0, 0","3, 1, 1, 0, 0"
diff(41),13,The black circle is facing the left side instead of the right side.,black circle facing left side instead right side,"13, 3, 3, 1, 0","8, 3, 3, 1, 0"
diff(41),14,the circle is on the left of the line,circle left line,"9, 3, 0, 0, 0","3, 2, 0, 0, 0"
diff(41),15,Opposite facing,opposite facing,"2, 1, 0, 0, 0","2, 1, 1, 0, 0"
diff(42),1,horizontal lines are on left side of vertical line,horizontal lines left side vertical line,"9, 3, 3, 0, 0","6, 2, 3, 0, 0"
diff(42),2,two lines on different side,two lines different side,"5, 2, 1, 0, 1","4, 2, 1, 0, 1"
diff(42),3,points are facing the wrong way,points facing wrong way,"6, 2, 1, 0, 0","4, 2, 1, 0, 0"
diff(42),4,2 small lines pointed to the left,2 small lines pointed left,"7, 2, 1, 0, 1","5, 1, 1, 0, 1"
diff(42),5,it is the only symbol faceing my left. ,symbol faceing left,"8, 2, 1, 0, 0","3, 2, 0, 0, 0"
diff(42),6,lines not oriented to the right,lines oriented right,"6, 2, 0, 1, 0","3, 1, 1, 0, 0"
diff(42),7,two small lines are on the left of the line instead of right,two small lines left line instead right,"13, 4, 1, 1, 1","7, 2, 1, 1, 1"
diff(42),8,facing left,facing left,"2, 1, 0, 0, 0","2, 1, 0, 0, 0"
diff(42),9,lines point left,lines point left,"3, 2, 0, 0, 0","3, 2, 0, 0, 0"
diff(42),10,Different orientation,different orientation,"2, 1, 1, 0, 0","2, 1, 1, 0, 0"
diff(42),11,It doesn't face the right.,doesnt face right,"5, 1, 0, 1, 0","3, 2, 1, 0, 0"
diff(42),12,Attached bars towards left,attached bars towards left,"4, 2, 0, 0, 0","4, 2, 0, 0, 0"
diff(42),13,The F is backwards.,f backwards,"4, 1, 0, 0, 0","2, 2, 0, 0, 0"
diff(42),14,the 2 lines are on the left,2 lines left,"7, 2, 0, 0, 1","3, 1, 0, 0, 1"
diff(42),15,Facing opposite direction,facing opposite direction,"3, 1, 1, 0, 0","3, 1, 1, 0, 0"
diff(43),1,there is a bigger space between the dots,bigger space dots,"8, 2, 1, 0, 0","3, 2, 1, 0, 0"
diff(43),2,dots not evenly spaced,dots evenly spaced,"4, 1, 0, 2, 0","3, 1, 0, 1, 0"
diff(43),3,spacing not symmetric,spacing symmetric,"3, 0, 1, 1, 0","2, 1, 0, 0, 0"
diff(43),4,Space between one of the dots,space one dots,"6, 2, 0, 0, 1","3, 2, 0, 0, 1"
diff(43),5,the highest dot is a little farther from the rest. ,highest dot little farther rest,"10, 3, 2, 0, 0","5, 2, 2, 1, 0"
diff(43),6,dots are more spaced out,dots spaced,"5, 1, 1, 1, 0","2, 1, 0, 0, 0"
diff(43),7,small circles are not all perfectly spaced out,small circles perfectly spaced,"8, 1, 1, 3, 0","4, 1, 1, 1, 0"
diff(43),8,There is a space between two of the dots,space two dots,"9, 2, 0, 0, 1","3, 2, 0, 0, 1"
diff(43),9,unequal dot spacing,unequal dot spacing,"3, 1, 1, 0, 0","3, 1, 1, 0, 0"
diff(43),10,"Spaced dot, not continuous dots",spaced dot continuous dots,"5, 2, 1, 1, 0","4, 1, 1, 1, 0"
diff(43),11,The dots aren't evenly spaced.,dots arent evenly spaced,"5, 1, 0, 2, 0","4, 1, 0, 1, 0"
diff(43),12,One dot separate,one dot separate,"3, 2, 0, 0, 1","3, 2, 0, 0, 1"
diff(43),13,The last dot is separated from the other 3 dots.,last dot separated 3 dots,"10, 2, 2, 0, 1","5, 2, 1, 0, 1"
diff(43),14,dots are not the same spacing,dots spacing,"6, 2, 1, 1, 0","2, 1, 0, 0, 0"
diff(43),15,Different dot placement,different dot placement,"3, 2, 0, 0, 0","3, 2, 1, 0, 0"
diff(44),1,different orientation,different orientation,"2, 1, 1, 0, 0","2, 1, 1, 0, 0"
diff(44),2,orientation of long line,orientation long line,"4, 2, 1, 0, 0","3, 2, 0, 1, 0"
diff(44),3,facing down adn to the right,facing adn right,"6, 1, 0, 2, 0","3, 0, 1, 1, 0"
diff(44),4,2 lines face right,2 lines face right,"4, 3, 0, 0, 1","4, 3, 0, 0, 1"
diff(44),5,the symbol is more uprite then the others. ,symbol uprite others,"8, 2, 1, 2, 0","3, 2, 1, 0, 0"
diff(44),6,not oriented counter clockwise,oriented counter clockwise,"4, 2, 0, 1, 0","3, 2, 0, 0, 0"
diff(44),7,two small lines point downward to the lower right,two small lines point downward lower right,"9, 3, 2, 1, 1","7, 3, 2, 1, 1"
diff(44),8,The lines are the wrong angle,lines wrong angle,"6, 2, 1, 0, 0","3, 2, 1, 0, 0"
diff(44),9,lines point right,lines point right,"3, 2, 0, 1, 0","3, 2, 0, 1, 0"
diff(44),10,Different orientation,different orientation,"2, 1, 1, 0, 0","2, 1, 1, 0, 0"
diff(44),11,It isn't facing the left.,isnt facing left,"5, 1, 0, 1, 0","3, 2, 0, 0, 0"
diff(44),12,Attached bars facing right,attached bars facing right,"4, 1, 0, 1, 0","4, 1, 0, 1, 0"
diff(44),13,It is the only one that is flipped the correct way.,one flipped correct way,"11, 2, 2, 0, 0","4, 1, 0, 0, 1"
diff(44),14,the 2 lines are on the right ,2 lines right,"7, 2, 0, 0, 1","3, 1, 0, 1, 1"
diff(44),15,Different direction,different direction,"2, 1, 1, 0, 0","2, 1, 1, 0, 0"
diff(45),1,unique arrangement of dots,unique arrangement dots,"4, 2, 1, 0, 0","3, 2, 1, 0, 0"
diff(45),2,dots are paired,dots paired,"3, 1, 0, 0, 0","2, 1, 0, 0, 0"
diff(45),3,larger spacing between dots,larger spacing dots,"4, 1, 1, 0, 0","3, 1, 1, 0, 0"
diff(45),4,dots spaced apart in pairs,dots spaced apart pairs,"5, 2, 0, 1, 0","4, 2, 0, 1, 0"
diff(45),5,there are even amount of dots between the big space. ,even amount dots big space,"10, 3, 1, 1, 0","5, 1, 1, 2, 0"
diff(45),6,two points separated from line,two points separated line,"5, 2, 0, 0, 1","4, 2, 0, 0, 1"
diff(45),7,dots are clustered in two close sets of two instead of random,dots clustered two close sets two instead random,"12, 3, 1, 1, 2","8, 2, 1, 1, 2"
diff(45),8,The space is wrong,space wrong,"4, 1, 1, 0, 0","2, 1, 1, 0, 0"
diff(45),9,different division of dots,different division dots,"4, 2, 1, 0, 0","3, 2, 1, 0, 0"
diff(45),10,Different shape orientation,different shape orientation,"3, 2, 1, 0, 0","3, 2, 1, 0, 0"
diff(45),11,It doesn't have a group of 3 dots.,doesnt group 3 dots,"8, 2, 0, 1, 1","4, 3, 0, 0, 1"
diff(45),12,Spit more equal,spit equal,"3, 0, 1, 1, 0","2, 1, 1, 0, 0"
diff(45),13,The dots are separated where two is on one side and two is on the other.,dots separated two one side two,"16, 2, 1, 0, 3","6, 2, 0, 0, 3"
diff(45),14,spacing is different,spacing different,"3, 1, 1, 0, 0","2, 0, 1, 0, 0"
diff(45),15,Different arrangement,different arrangement,"2, 2, 0, 0, 0","2, 1, 1, 0, 0"
